Node,X,Y
1,6.070569029782391,2.8096245673905775
2,0.9930315919293886,1.5815572019515323
3,5.473252974109792,9.177269581561733
4,2.0109564722613946,9.652690080108794
5,9.641257487877816,0.35826255769283777
6,8.983520801702898,8.734660477324619
7,3.473555664898872,6.605227578616474
8,6.695399258967192,5.866472920398293
